old,new
Andaman & Nicobar Islands/Nicobars,Andaman and Nicobar Islands/Nicobars
Andaman & Nicobar Islands/North  & Middle Andaman,Andaman and Nicobar Islands/North and Middle Andaman
Andaman & Nicobar Islands/South Andaman,Andaman and Nicobar Islands/South Andaman
Andhra Pradesh/Adilabad,Telangana/Adilabad
Andhra Pradesh/Anantapur,Andhra Pradesh/Anantapur
Andhra Pradesh/Chittoor,Andhra Pradesh/Chittoor
Andhra Pradesh/East Godavari,Andhra Pradesh/East Godavari
Andhra Pradesh/Guntur,Andhra Pradesh/Guntur
Andhra Pradesh/Hyderabad,Telangana/Hyderabad
Andhra Pradesh/Karimnagar,Telangana/Karimnagar
Andhra Pradesh/Khammam,Telangana/Khammam
Andhra Pradesh/Krishna,Andhra Pradesh/Krishna
Andhra Pradesh/Kurnool,Andhra Pradesh/Kurnool
Andhra Pradesh/Mahbubnagar,Telangana/Mahabubnagar
Andhra Pradesh/Medak,Telangana/Medak
Andhra Pradesh/Nalgonda,Telangana/Nalgonda
Andhra Pradesh/Nizamabad,Telangana/Nizamabad
Andhra Pradesh/Prakasam,Andhra Pradesh/Prakasam
Andhra Pradesh/Rangareddy,Telangana/Ranga Reddy
Andhra Pradesh/Sri Potti Sriramulu Nellore,Andhra Pradesh/S.P.S. Nellore
Andhra Pradesh/Srikakulam,Andhra Pradesh/Srikakulam
Andhra Pradesh/Visakhapatnam,Andhra Pradesh/Visakhapatnam
Andhra Pradesh/Vizianagaram,Andhra Pradesh/Vizianagaram
Andhra Pradesh/Warangal,Telangana/Warangal Urban
Andhra Pradesh/West Godavari,Andhra Pradesh/West Godavari
Andhra Pradesh/Y.S.R.,Andhra Pradesh/Y.S.R. Kadapa
Arunachal Pradesh/Anjaw,Arunachal Pradesh/Anjaw
Arunachal Pradesh/Changlang,Arunachal Pradesh/Changlang
Arunachal Pradesh/Dibang Valley,Arunachal Pradesh/Upper Dibang Valley
Arunachal Pradesh/East Kameng,Arunachal Pradesh/East Kameng
Arunachal Pradesh/East Siang,Arunachal Pradesh/East Siang
Arunachal Pradesh/Kurung Kumey,Arunachal Pradesh/Kurung Kumey
Arunachal Pradesh/Lohit,Arunachal Pradesh/Lohit
Arunachal Pradesh/Lower Dibang Valley,Arunachal Pradesh/Lower Dibang Valley
Arunachal Pradesh/Lower Subansiri,Arunachal Pradesh/Lower Subansiri
Arunachal Pradesh/Papum Pare,Arunachal Pradesh/Papum Pare
Arunachal Pradesh/Tawang,Arunachal Pradesh/Tawang
Arunachal Pradesh/Tirap,Arunachal Pradesh/Tirap
Arunachal Pradesh/Upper Siang,Arunachal Pradesh/Upper Siang
Arunachal Pradesh/Upper Subansiri,Arunachal Pradesh/Upper Subansiri
Arunachal Pradesh/West Kameng,Arunachal Pradesh/West Kameng
Arunachal Pradesh/West Siang,Arunachal Pradesh/West Siang
Assam/Baksa,Assam/Baksa
Assam/Barpeta,Assam/Barpeta
Assam/Bongaigaon,Assam/Bongaigaon
Assam/Cachar,Assam/Cachar
Assam/Chirang,Assam/Chirang
Assam/Darrang,Assam/Darrang
Assam/Dhemaji,Assam/Dhemaji
Assam/Dhubri,Assam/Dhubri
Assam/Dibrugarh,Assam/Dibrugarh
Assam/Dima Hasao,Assam/Dima Hasao
Assam/Goalpara,Assam/Goalpara
Assam/Golaghat,Assam/Golaghat
Assam/Hailakandi,Assam/Hailakandi
Assam/Jorhat,Assam/Jorhat
Assam/Kamrup Metropolitan,Assam/Kamrup Metropolitan
Assam/Karbi Anglong,Assam/Karbi Anglong
Assam/Karimganj,Assam/Karimganj
Assam/Kokrajhar,Assam/Kokrajhar
Assam/Lakhimpur,Assam/Lakhimpur
Assam/Morigaon,Assam/Morigaon
Assam/Nagaon,Assam/Nagaon
Assam/Nalbari,Assam/Nalbari
Assam/Sivasagar,Assam/Sivasagar
Assam/Sonitpur,Assam/Sonitpur
Assam/Tinsukia,Assam/Tinsukia
Assam/Udalguri,Assam/Udalguri
Bihar/Araria,Bihar/Araria
Bihar/Arwal,Bihar/Arwal
Bihar/Aurangabad,Bihar/Aurangabad
Bihar/Banka,Bihar/Banka
Bihar/Begusarai,Bihar/Begusarai
Bihar/Bhagalpur,Bihar/Bhagalpur
Bihar/Bhojpur,Bihar/Bhojpur
Bihar/Buxar,Bihar/Buxar
Bihar/Darbhanga,Bihar/Darbhanga
Bihar/Gaya,Bihar/Gaya
Bihar/Gopalganj,Bihar/Gopalganj
Bihar/Jamui,Bihar/Jamui
Bihar/Jehanabad ,Bihar/Jehanabad
Bihar/Kaimur (Bhabua),Bihar/Kaimur
Bihar/Katihar,Bihar/Katihar
Bihar/Khagaria,Bihar/Khagaria
Bihar/Kishanganj,Bihar/Kishanganj
Bihar/Lakhisarai,Bihar/Lakhisarai
Bihar/Madhepura,Bihar/Madhepura
Bihar/Madhubani,Bihar/Madhubani
Bihar/Munger,Bihar/Munger
Bihar/Muzaffarpur,Bihar/Muzaffarpur
Bihar/Nalanda,Bihar/Nalanda
Bihar/Nawada,Bihar/Nawada
Bihar/Pashchim Champaran,Bihar/West Champaran
Bihar/Patna,Bihar/Patna
Bihar/Purba Champaran,Bihar/East Champaran
Bihar/Purnia,Bihar/Purnia
Bihar/Rohtas,Bihar/Rohtas
Bihar/Saharsa,Bihar/Saharsa
Bihar/Samastipur,Bihar/Samastipur
Bihar/Saran,Bihar/Saran
Bihar/Sheikhpura,Bihar/Sheikhpura
Bihar/Sheohar,Bihar/Sheohar
Bihar/Sitamarhi,Bihar/Sitamarhi
Bihar/Siwan,Bihar/Siwan
Bihar/Supaul,Bihar/Supaul
Bihar/Vaishali,Bihar/Vaishali
Chandigarh/Chandigarh,Chandigarh/Chandigarh
Chhattisgarh/Bastar,Chhattisgarh/Bastar
Chhattisgarh/Bijapur,Chhattisgarh/Bijapur
Chhattisgarh/Bilaspur,Chhattisgarh/Bilaspur
Chhattisgarh/Dakshin Bastar Dantewada,Chhattisgarh/Dakshin Bastar Dantewada
Chhattisgarh/Dhamtari ,Chhattisgarh/Dhamtari
Chhattisgarh/Durg,Chhattisgarh/Durg
Chhattisgarh/Janjgir - Champa,Chhattisgarh/Janjgir Champa
Chhattisgarh/Jashpur ,Chhattisgarh/Jashpur
Chhattisgarh/Kabeerdham,Chhattisgarh/Kabeerdham
Chhattisgarh/Korba ,Chhattisgarh/Korba
Chhattisgarh/Koriya,Chhattisgarh/Koriya
Chhattisgarh/Mahasamund,Chhattisgarh/Mahasamund
Chhattisgarh/Narayanpur,Chhattisgarh/Narayanpur
Chhattisgarh/Raigarh,Chhattisgarh/Raigarh
Chhattisgarh/Raipur,Chhattisgarh/Raipur
Chhattisgarh/Rajnandgaon,Chhattisgarh/Rajnandgaon
Chhattisgarh/Surguja,Chhattisgarh/Surguja
Chhattisgarh/Uttar Bastar Kanker,Chhattisgarh/Uttar Bastar Kanker
Dadra & Nagar Haveli/Dadra & Nagar Haveli,Dadra and Nagar Haveli and Daman and Diu/Dadra and Nagar Haveli
Daman & Diu/Daman,Dadra and Nagar Haveli and Daman and Diu/Daman
Daman & Diu/Diu,Dadra and Nagar Haveli and Daman and Diu/Diu
Goa/North Goa,Goa/North Goa
Goa/South Goa,Goa/South Goa
Gujarat/Ahmadabad,Gujarat/Ahmedabad
Gujarat/Amreli,Gujarat/Amreli
Gujarat/Anand  ,Gujarat/Anand
Gujarat/Banas Kantha,Gujarat/Banaskantha
Gujarat/Bharuch,Gujarat/Bharuch
Gujarat/Bhavnagar,Gujarat/Bhavnagar
Gujarat/Dohad  ,Gujarat/Dahod
Gujarat/Gandhinagar,Gujarat/Gandhinagar
Gujarat/Jamnagar,Gujarat/Jamnagar
Gujarat/Junagadh,Gujarat/Junagadh
Gujarat/Kachchh,Gujarat/Kutch
Gujarat/Kheda,Gujarat/Kheda
Gujarat/Mahesana,Gujarat/Mehsana
Gujarat/Narmada,Gujarat/Narmada
Gujarat/Navsari  ,Gujarat/Navsari
Gujarat/Panch Mahals,Gujarat/Panchmahal
Gujarat/Patan  ,Gujarat/Patan
Gujarat/Porbandar ,Gujarat/Porbandar
Gujarat/Rajkot,Gujarat/Rajkot
Gujarat/Sabar Kantha,Gujarat/Sabarkantha
Gujarat/Surat,Gujarat/Surat
Gujarat/Surendranagar,Gujarat/Surendranagar
Gujarat/Tapi,Gujarat/Tapi
Gujarat/The Dangs,Gujarat/Dang
Gujarat/Vadodara,Gujarat/Vadodara
Gujarat/Valsad,Gujarat/Valsad
Haryana/Ambala,Haryana/Ambala
Haryana/Bhiwani,Haryana/Bhiwani
Haryana/Faridabad,Haryana/Faridabad
Haryana/Fatehabad,Haryana/Fatehabad
Haryana/Gurgaon,Haryana/Gurugram
Haryana/Hisar,Haryana/Hisar
Haryana/Jhajjar,Haryana/Jhajjar
Haryana/Jind,Haryana/Jind
Haryana/Kaithal,Haryana/Kaithal
Haryana/Karnal,Haryana/Karnal
Haryana/Kurukshetra,Haryana/Kurukshetra
Haryana/Mahendragarh,Haryana/Mahendragarh
Haryana/Mewat ,Haryana/Nuh
Haryana/Palwal ,Haryana/Palwal
Haryana/Panchkula,Haryana/Panchkula
Haryana/Panipat,Haryana/Panipat
Haryana/Rewari,Haryana/Rewari
Haryana/Rohtak,Haryana/Rohtak
Haryana/Sirsa,Haryana/Sirsa
Haryana/Sonipat,Haryana/Sonipat
Haryana/Yamunanagar,Haryana/Yamunanagar
Himachal Pradesh/Bilaspur,Himachal Pradesh/Bilaspur
Himachal Pradesh/Chamba,Himachal Pradesh/Chamba
Himachal Pradesh/Hamirpur,Himachal Pradesh/Hamirpur
Himachal Pradesh/Kangra,Himachal Pradesh/Kangra
Himachal Pradesh/Kinnaur,Himachal Pradesh/Kinnaur
Himachal Pradesh/Kullu,Himachal Pradesh/Kullu
Himachal Pradesh/Lahul & Spiti,Himachal Pradesh/Lahaul and Spiti
Himachal Pradesh/Mandi,Himachal Pradesh/Mandi
Himachal Pradesh/Shimla,Himachal Pradesh/Shimla
Himachal Pradesh/Sirmaur,Himachal Pradesh/Sirmaur
Himachal Pradesh/Solan,Himachal Pradesh/Solan
Himachal Pradesh/Una,Himachal Pradesh/Una
Jammu & Kashmir/Anantnag,Jammu and Kashmir/Anantnag
Jammu & Kashmir/Badgam,Jammu and Kashmir/Budgam
Jammu & Kashmir/Bandipore,Jammu and Kashmir/Bandipora
Jammu & Kashmir/Baramula,Jammu and Kashmir/Baramulla
Jammu & Kashmir/Doda,Jammu and Kashmir/Doda
Jammu & Kashmir/Ganderbal,Jammu and Kashmir/Ganderbal
Jammu & Kashmir/Jammu,Jammu and Kashmir/Jammu
Jammu & Kashmir/Kargil,Ladakh/Kargil
Jammu & Kashmir/Kathua,Jammu and Kashmir/Kathua
Jammu & Kashmir/Kishtwar,Jammu and Kashmir/Kishtwar
Jammu & Kashmir/Kulgam,Jammu and Kashmir/Kulgam
Jammu & Kashmir/Kupwara,Jammu and Kashmir/Kupwara
Jammu & Kashmir/Leh(Ladakh),Ladakh/Leh
Jammu & Kashmir/Pulwama,Jammu and Kashmir/Pulwama
Jammu & Kashmir/Punch,Jammu and Kashmir/Punch
Jammu & Kashmir/Rajouri,Jammu and Kashmir/Rajouri
Jammu & Kashmir/Ramban,Jammu and Kashmir/Ramban
Jammu & Kashmir/Reasi,Jammu and Kashmir/Reasi
Jammu & Kashmir/Samba,Jammu and Kashmir/Samba
Jammu & Kashmir/Shupiyan,Jammu and Kashmir/Shopiyan
Jammu & Kashmir/Srinagar,Jammu and Kashmir/Srinagar
Jammu & Kashmir/Udhampur,Jammu and Kashmir/Udhampur
Jharkhand/Bokaro,Jharkhand/Bokaro
Jharkhand/Chatra,Jharkhand/Chatra
Jharkhand/Deoghar,Jharkhand/Deoghar
Jharkhand/Dhanbad,Jharkhand/Dhanbad
Jharkhand/Dumka,Jharkhand/Dumka
Jharkhand/Garhwa ,Jharkhand/Garhwa
Jharkhand/Giridih,Jharkhand/Giridih
Jharkhand/Godda,Jharkhand/Godda
Jharkhand/Gumla,Jharkhand/Gumla
Jharkhand/Hazaribagh,Jharkhand/Hazaribagh
Jharkhand/Jamtara,Jharkhand/Jamtara
Jharkhand/Khunti,Jharkhand/Khunti
Jharkhand/Kodarma,Jharkhand/Koderma
Jharkhand/Latehar,Jharkhand/Latehar
Jharkhand/Lohardaga,Jharkhand/Lohardaga
Jharkhand/Pakur,Jharkhand/Pakur
Jharkhand/Palamu,Jharkhand/Palamu
Jharkhand/Pashchimi Singhbhum,Jharkhand/West Singhbhum
Jharkhand/Purbi Singhbhum,Jharkhand/East Singhbhum
Jharkhand/Ramgarh,Jharkhand/Ramgarh
Jharkhand/Ranchi,Jharkhand/Ranchi
Jharkhand/Sahibganj,Jharkhand/Sahibganj
Jharkhand/Saraikela-Kharsawan,Jharkhand/Saraikela-Kharsawan
Jharkhand/Simdega,Jharkhand/Simdega
Karnataka/Bagalkot ,Karnataka/Bagalkote
Karnataka/Bangalore,Karnataka/Bengaluru Urban
Karnataka/Bangalore Rural,Karnataka/Bengaluru Rural
Karnataka/Belgaum,Karnataka/Belagavi
Karnataka/Bellary,Karnataka/Ballari
Karnataka/Bidar,Karnataka/Bidar
Karnataka/Bijapur,Karnataka/Vijayapura
Karnataka/Chamarajanagar,Karnataka/Chamarajanagara
Karnataka/Chikkaballapura,Karnataka/Chikkaballapura
Karnataka/Chikmagalur,Karnataka/Chikkamagaluru
Karnataka/Chitradurga,Karnataka/Chitradurga
Karnataka/Dakshina Kannada,Karnataka/Dakshina Kannada
Karnataka/Davanagere,Karnataka/Davanagere
Karnataka/Dharwad,Karnataka/Dharwad
Karnataka/Gadag,Karnataka/Gadag
Karnataka/Gulbarga,Karnataka/Kalaburagi
Karnataka/Hassan,Karnataka/Hassan
Karnataka/Haveri,Karnataka/Haveri
Karnataka/Kodagu,Karnataka/Kodagu
Karnataka/Kolar,Karnataka/Kolar
Karnataka/Koppal,Karnataka/Koppal
Karnataka/Mandya,Karnataka/Mandya
Karnataka/Mysore,Karnataka/Mysuru
Karnataka/Raichur,Karnataka/Raichur
Karnataka/Ramanagara,Karnataka/Ramanagara
Karnataka/Shimoga,Karnataka/Shivamogga
Karnataka/Tumkur,Karnataka/Tumakuru
Karnataka/Udupi,Karnataka/Udupi
Karnataka/Uttara Kannada,Karnataka/Uttara Kannada
Karnataka/Yadgir,Karnataka/Yadgir
Kerala/Alappuzha,Kerala/Alappuzha
Kerala/Ernakulam,Kerala/Ernakulam
Kerala/Idukki ,Kerala/Idukki
Kerala/Kannur,Kerala/Kannur
Kerala/Kasaragod,Kerala/Kasaragod
Kerala/Kollam,Kerala/Kollam
Kerala/Kottayam,Kerala/Kottayam
Kerala/Kozhikode,Kerala/Kozhikode
Kerala/Malappuram,Kerala/Malappuram
Kerala/Palakkad,Kerala/Palakkad
Kerala/Pathanamthitta,Kerala/Pathanamthitta
Kerala/Thiruvananthapuram,Kerala/Thiruvananthapuram
Kerala/Thrissur,Kerala/Thrissur
Kerala/Wayanad,Kerala/Wayanad
Lakshadweep/Lakshadweep,Lakshadweep/Lakshadweep
Madhya Pradesh/Alirajpur,Madhya Pradesh/Alirajpur
Madhya Pradesh/Anuppur,Madhya Pradesh/Anuppur
Madhya Pradesh/Ashoknagar,Madhya Pradesh/Ashoknagar
Madhya Pradesh/Balaghat,Madhya Pradesh/Balaghat
Madhya Pradesh/Barwani ,Madhya Pradesh/Barwani
Madhya Pradesh/Betul,Madhya Pradesh/Betul
Madhya Pradesh/Bhind,Madhya Pradesh/Bhind
Madhya Pradesh/Bhopal,Madhya Pradesh/Bhopal
Madhya Pradesh/Burhanpur,Madhya Pradesh/Burhanpur
Madhya Pradesh/Chhatarpur,Madhya Pradesh/Chhatarpur
Madhya Pradesh/Chhindwara,Madhya Pradesh/Chhindwara
Madhya Pradesh/Damoh,Madhya Pradesh/Damoh
Madhya Pradesh/Datia,Madhya Pradesh/Datia
Madhya Pradesh/Dewas,Madhya Pradesh/Dewas
Madhya Pradesh/Dhar,Madhya Pradesh/Dhar
Madhya Pradesh/Dindori ,Madhya Pradesh/Dindori
Madhya Pradesh/Guna,Madhya Pradesh/Guna
Madhya Pradesh/Gwalior,Madhya Pradesh/Gwalior
Madhya Pradesh/Harda ,Madhya Pradesh/Harda
Madhya Pradesh/Hoshangabad,Madhya Pradesh/Hoshangabad
Madhya Pradesh/Indore,Madhya Pradesh/Indore
Madhya Pradesh/Jabalpur,Madhya Pradesh/Jabalpur
Madhya Pradesh/Jhabua,Madhya Pradesh/Jhabua
Madhya Pradesh/Katni ,Madhya Pradesh/Katni
Madhya Pradesh/Khandwa (East Nimar),Madhya Pradesh/Khandwa
Madhya Pradesh/Khargone (West Nimar),Madhya Pradesh/Khargone
Madhya Pradesh/Mandla,Madhya Pradesh/Mandla
Madhya Pradesh/Mandsaur,Madhya Pradesh/Mandsaur
Madhya Pradesh/Morena,Madhya Pradesh/Morena
Madhya Pradesh/Narsimhapur,Madhya Pradesh/Narsinghpur
Madhya Pradesh/Neemuch ,Madhya Pradesh/Neemuch
Madhya Pradesh/Panna,Madhya Pradesh/Panna
Madhya Pradesh/Raisen,Madhya Pradesh/Raisen
Madhya Pradesh/Rajgarh,Madhya Pradesh/Rajgarh
Madhya Pradesh/Ratlam,Madhya Pradesh/Ratlam
Madhya Pradesh/Rewa,Madhya Pradesh/Rewa
Madhya Pradesh/Sagar,Madhya Pradesh/Sagar
Madhya Pradesh/Satna,Madhya Pradesh/Satna
Madhya Pradesh/Sehore,Madhya Pradesh/Sehore
Madhya Pradesh/Seoni,Madhya Pradesh/Seoni
Madhya Pradesh/Shahdol,Madhya Pradesh/Shahdol
Madhya Pradesh/Shajapur,Madhya Pradesh/Shajapur
Madhya Pradesh/Sheopur ,Madhya Pradesh/Sheopur
Madhya Pradesh/Shivpuri,Madhya Pradesh/Shivpuri
Madhya Pradesh/Sidhi,Madhya Pradesh/Sidhi
Madhya Pradesh/Singrauli,Madhya Pradesh/Singrauli
Madhya Pradesh/Tikamgarh,Madhya Pradesh/Tikamgarh
Madhya Pradesh/Ujjain,Madhya Pradesh/Ujjain
Madhya Pradesh/Umaria,Madhya Pradesh/Umaria
Madhya Pradesh/Vidisha,Madhya Pradesh/Vidisha
Maharashtra/Ahmadnagar,Maharashtra/Ahmednagar
Maharashtra/Akola,Maharashtra/Akola
Maharashtra/Amravati,Maharashtra/Amravati
Maharashtra/Aurangabad,Maharashtra/Aurangabad
Maharashtra/Bhandara,Maharashtra/Bhandara
Maharashtra/Bid,Maharashtra/Beed
Maharashtra/Buldana,Maharashtra/Buldhana
Maharashtra/Chandrapur,Maharashtra/Chandrapur
Maharashtra/Dhule,Maharashtra/Dhule
Maharashtra/Gadchiroli,Maharashtra/Gadchiroli
Maharashtra/Gondiya,Maharashtra/Gondia
Maharashtra/Hingoli,Maharashtra/Hingoli
Maharashtra/Jalgaon,Maharashtra/Jalgaon
Maharashtra/Jalna,Maharashtra/Jalna
Maharashtra/Kolhapur,Maharashtra/Kolhapur
Maharashtra/Latur,Maharashtra/Latur
Maharashtra/Mumbai,Maharashtra/Mumbai
Maharashtra/Nagpur,Maharashtra/Nagpur
Maharashtra/Nanded,Maharashtra/Nanded
Maharashtra/Nandurbar,Maharashtra/Nandurbar
Maharashtra/Nashik,Maharashtra/Nashik
Maharashtra/Osmanabad,Maharashtra/Osmanabad
Maharashtra/Parbhani,Maharashtra/Parbhani
Maharashtra/Pune,Maharashtra/Pune
Maharashtra/Raigarh,Maharashtra/Raigad
Maharashtra/Ratnagiri,Maharashtra/Ratnagiri
Maharashtra/Sangli,Maharashtra/Sangli
Maharashtra/Satara,Maharashtra/Satara
Maharashtra/Sindhudurg,Maharashtra/Sindhudurg
Maharashtra/Solapur,Maharashtra/Solapur
Maharashtra/Thane,Maharashtra/Thane
Maharashtra/Wardha,Maharashtra/Wardha
Maharashtra/Washim,Maharashtra/Washim
Maharashtra/Yavatmal,Maharashtra/Yavatmal
Manipur/Bishnupur,Manipur/Bishnupur
Manipur/Chandel,Manipur/Chandel
Manipur/Churachandpur,Manipur/Churachandpur
Manipur/Imphal East,Manipur/Imphal East
Manipur/Imphal West,Manipur/Imphal West
Manipur/Senapati,Manipur/Senapati
Manipur/Tamenglong ,Manipur/Tamenglong
Manipur/Thoubal,Manipur/Thoubal
Manipur/Ukhrul,Manipur/Ukhrul
Meghalaya/East Garo Hills,Meghalaya/East Garo Hills
Meghalaya/East Khasi Hills,Meghalaya/East Khasi Hills
Meghalaya/Ribhoi,Meghalaya/Ribhoi
Meghalaya/South Garo Hills,Meghalaya/South Garo Hills
Meghalaya/West Garo Hills,Meghalaya/West Garo Hills
Meghalaya/West Khasi Hills,Meghalaya/West Khasi Hills
Mizoram/Aizawl,Mizoram/Aizawl
Mizoram/Champhai,Mizoram/Champhai
Mizoram/Kolasib,Mizoram/Kolasib
Mizoram/Lawngtlai,Mizoram/Lawngtlai
Mizoram/Lunglei,Mizoram/Lunglei
Mizoram/Mamit,Mizoram/Mamit
Mizoram/Saiha,Mizoram/Saiha
Mizoram/Serchhip,Mizoram/Serchhip
Nagaland/Dimapur ,Nagaland/Dimapur
Nagaland/Kiphire,Nagaland/Kiphire
Nagaland/Kohima,Nagaland/Kohima
Nagaland/Longleng,Nagaland/Longleng
Nagaland/Mokokchung,Nagaland/Mokokchung
Nagaland/Mon,Nagaland/Mon
Nagaland/Peren,Nagaland/Peren
Nagaland/Phek,Nagaland/Phek
Nagaland/Tuensang,Nagaland/Tuensang
Nagaland/Wokha,Nagaland/Wokha
Nagaland/Zunheboto,Nagaland/Zunheboto
Nct Of Delhi/Central,Delhi/Central Delhi
Nct Of Delhi/East,Delhi/East Delhi
Nct Of Delhi/New Delhi,Delhi/New Delhi
Nct Of Delhi/North,Delhi/North Delhi
Nct Of Delhi/North East,Delhi/North East Delhi
Nct Of Delhi/North West,Delhi/North West Delhi
Nct Of Delhi/South,Delhi/South Delhi
Nct Of Delhi/South West,Delhi/South East Delhi
Nct Of Delhi/West,Delhi/West Delhi
Odisha/Anugul  ,Odisha/Angul
Odisha/Balangir,Odisha/Balangir
Odisha/Baleshwar,Odisha/Balasore
Odisha/Bargarh,Odisha/Bargarh
Odisha/Baudh,Odisha/Boudh
Odisha/Bhadrak,Odisha/Bhadrak
Odisha/Cuttack,Odisha/Cuttack
Odisha/Debagarh,Odisha/Deogarh
Odisha/Dhenkanal,Odisha/Dhenkanal
Odisha/Gajapati,Odisha/Gajapati
Odisha/Ganjam,Odisha/Ganjam
Odisha/Jagatsinghapur ,Odisha/Jagatsinghpur
Odisha/Jajapur  ,Odisha/Jajpur
Odisha/Jharsuguda,Odisha/Jharsuguda
Odisha/Kalahandi,Odisha/Kalahandi
Odisha/Kandhamal,Odisha/Kandhamal
Odisha/Kendrapara ,Odisha/Kendrapara
Odisha/Kendujhar,Odisha/Kendujhar
Odisha/Khordha ,Odisha/Khordha
Odisha/Koraput,Odisha/Koraput
Odisha/Malkangiri  ,Odisha/Malkangiri
Odisha/Mayurbhanj,Odisha/Mayurbhanj
Odisha/Nabarangapur ,Odisha/Nabarangapur
Odisha/Nayagarh  ,Odisha/Nayagarh
Odisha/Nuapada,Odisha/Nuapada
Odisha/Puri,Odisha/Puri
Odisha/Rayagada  ,Odisha/Rayagada
Odisha/Sambalpur,Odisha/Sambalpur
Odisha/Subarnapur,Odisha/Subarnapur
Odisha/Sundargarh,Odisha/Sundargarh
Puducherry/Karaikal,Puducherry/Karaikal
Puducherry/Mahe,Puducherry/Mahe
Puducherry/Puducherry,Puducherry/Puducherry
Puducherry/Yanam,Puducherry/Yanam
Punjab/Amritsar ,Punjab/Amritsar
Punjab/Barnala,Punjab/Barnala
Punjab/Bathinda,Punjab/Bathinda
Punjab/Faridkot,Punjab/Faridkot
Punjab/Fatehgarh Sahib,Punjab/Fatehgarh Sahib
Punjab/Firozpur,Punjab/Ferozepur
Punjab/Gurdaspur,Punjab/Gurdaspur
Punjab/Hoshiarpur,Punjab/Hoshiarpur
Punjab/Jalandhar,Punjab/Jalandhar
Punjab/Kapurthala ,Punjab/Kapurthala
Punjab/Ludhiana,Punjab/Ludhiana
Punjab/Mansa,Punjab/Mansa
Punjab/Moga,Punjab/Moga
Punjab/Muktsar,Punjab/Sri Muktsar Sahib
Punjab/Patiala,Punjab/Patiala
Punjab/Rupnagar,Punjab/Rupnagar
Punjab/Sahibzada Ajit Singh Nagar,Punjab/S.A.S. Nagar
Punjab/Sangrur,Punjab/Sangrur
Punjab/Shahid Bhagat Singh Nagar ,Punjab/Shahid Bhagat Singh Nagar
Punjab/Tarn Taran,Punjab/Tarn Taran
Rajasthan/Ajmer,Rajasthan/Ajmer
Rajasthan/Alwar,Rajasthan/Alwar
Rajasthan/Banswara,Rajasthan/Banswara
Rajasthan/Baran,Rajasthan/Baran
Rajasthan/Barmer,Rajasthan/Barmer
Rajasthan/Bharatpur,Rajasthan/Bharatpur
Rajasthan/Bhilwara,Rajasthan/Bhilwara
Rajasthan/Bikaner,Rajasthan/Bikaner
Rajasthan/Bundi,Rajasthan/Bundi
Rajasthan/Chittaurgarh,Rajasthan/Chittorgarh
Rajasthan/Churu,Rajasthan/Churu
Rajasthan/Dausa,Rajasthan/Dausa
Rajasthan/Dhaulpur,Rajasthan/Dholpur
Rajasthan/Dungarpur,Rajasthan/Dungarpur
Rajasthan/Ganganagar ,Rajasthan/Ganganagar
Rajasthan/Hanumangarh,Rajasthan/Hanumangarh
Rajasthan/Jaipur,Rajasthan/Jaipur
Rajasthan/Jaisalmer,Rajasthan/Jaisalmer
Rajasthan/Jalor,Rajasthan/Jalore
Rajasthan/Jhalawar,Rajasthan/Jhalawar
Rajasthan/Jhunjhunun,Rajasthan/Jhunjhunu
Rajasthan/Jodhpur,Rajasthan/Jodhpur
Rajasthan/Karauli,Rajasthan/Karauli
Rajasthan/Kota,Rajasthan/Kota
Rajasthan/Nagaur,Rajasthan/Nagaur
Rajasthan/Pali,Rajasthan/Pali
Rajasthan/Pratapgarh,Rajasthan/Pratapgarh
Rajasthan/Rajsamand,Rajasthan/Rajsamand
Rajasthan/Sawai Madhopur,Rajasthan/Sawai Madhopur
Rajasthan/Sikar,Rajasthan/Sikar
Rajasthan/Sirohi,Rajasthan/Sirohi
Rajasthan/Tonk,Rajasthan/Tonk
Rajasthan/Udaipur,Rajasthan/Udaipur
Sikkim/East District,Sikkim/East Sikkim
Sikkim/North  District,Sikkim/North Sikkim
Sikkim/South District,Sikkim/South Sikkim
Sikkim/West District,Sikkim/West Sikkim
Tamil Nadu/Ariyalur  ,Tamil Nadu/Ariyalur
Tamil Nadu/Chennai,Tamil Nadu/Chennai
Tamil Nadu/Coimbatore,Tamil Nadu/Coimbatore
Tamil Nadu/Cuddalore,Tamil Nadu/Cuddalore
Tamil Nadu/Dharmapuri,Tamil Nadu/Dharmapuri
Tamil Nadu/Dindigul,Tamil Nadu/Dindigul
Tamil Nadu/Erode,Tamil Nadu/Erode
Tamil Nadu/Kancheepuram,Tamil Nadu/Kancheepuram
Tamil Nadu/Kanniyakumari,Tamil Nadu/Kanyakumari
Tamil Nadu/Karur ,Tamil Nadu/Karur
Tamil Nadu/Krishnagiri,Tamil Nadu/Krishnagiri
Tamil Nadu/Madurai,Tamil Nadu/Madurai
Tamil Nadu/Nagapattinam  ,Tamil Nadu/Nagapattinam
Tamil Nadu/Namakkal   ,Tamil Nadu/Namakkal
Tamil Nadu/Perambalur  ,Tamil Nadu/Perambalur
Tamil Nadu/Pudukkottai,Tamil Nadu/Pudukkottai
Tamil Nadu/Ramanathapuram,Tamil Nadu/Ramanathapuram
Tamil Nadu/Salem,Tamil Nadu/Salem
Tamil Nadu/Sivaganga,Tamil Nadu/Sivaganga
Tamil Nadu/Thanjavur,Tamil Nadu/Thanjavur
Tamil Nadu/The Nilgiris,Tamil Nadu/Nilgiris
Tamil Nadu/Theni  ,Tamil Nadu/Theni
Tamil Nadu/Thiruvallur,Tamil Nadu/Thiruvallur
Tamil Nadu/Thiruvarur,Tamil Nadu/Thiruvarur
Tamil Nadu/Thoothukkudi,Tamil Nadu/Thoothukkudi
Tamil Nadu/Tiruchirappalli,Tamil Nadu/Tiruchirappalli
Tamil Nadu/Tirunelveli ,Tamil Nadu/Tirunelveli
Tamil Nadu/Tiruppur,Tamil Nadu/Tiruppur
Tamil Nadu/Tiruvannamalai,Tamil Nadu/Tiruvannamalai
Tamil Nadu/Vellore,Tamil Nadu/Vellore
Tamil Nadu/Viluppuram,Tamil Nadu/Viluppuram
Tamil Nadu/Virudhunagar,Tamil Nadu/Virudhunagar
Tripura/Dhalai,Tripura/Dhalai
Tripura/North Tripura,Tripura/North Tripura
Tripura/South Tripura ,Tripura/South Tripura
Tripura/West Tripura ,Tripura/West Tripura
Uttar Pradesh/Agra,Uttar Pradesh/Agra
Uttar Pradesh/Aligarh,Uttar Pradesh/Aligarh
Uttar Pradesh/Allahabad ,Uttar Pradesh/Prayagraj
Uttar Pradesh/Ambedkar Nagar,Uttar Pradesh/Ambedkar Nagar
Uttar Pradesh/Auraiya,Uttar Pradesh/Auraiya
Uttar Pradesh/Azamgarh,Uttar Pradesh/Azamgarh
Uttar Pradesh/Baghpat,Uttar Pradesh/Baghpat
Uttar Pradesh/Bahraich,Uttar Pradesh/Bahraich
Uttar Pradesh/Ballia,Uttar Pradesh/Ballia
Uttar Pradesh/Balrampur,Uttar Pradesh/Balrampur
Uttar Pradesh/Banda,Uttar Pradesh/Banda
Uttar Pradesh/Bara Banki,Uttar Pradesh/Barabanki
Uttar Pradesh/Bareilly,Uttar Pradesh/Bareilly
Uttar Pradesh/Basti,Uttar Pradesh/Basti
Uttar Pradesh/Bijnor,Uttar Pradesh/Bijnor
Uttar Pradesh/Budaun,Uttar Pradesh/Budaun
Uttar Pradesh/Bulandshahr ,Uttar Pradesh/Bulandshahr
Uttar Pradesh/Chandauli,Uttar Pradesh/Chandauli
Uttar Pradesh/Chitrakoot,Uttar Pradesh/Chitrakoot
Uttar Pradesh/Deoria,Uttar Pradesh/Deoria
Uttar Pradesh/Etah,Uttar Pradesh/Etah
Uttar Pradesh/Etawah,Uttar Pradesh/Etawah
Uttar Pradesh/Faizabad,Uttar Pradesh/Ayodhya
Uttar Pradesh/Farrukhabad,Uttar Pradesh/Farrukhabad
Uttar Pradesh/Fatehpur,Uttar Pradesh/Fatehpur
Uttar Pradesh/Firozabad,Uttar Pradesh/Firozabad
Uttar Pradesh/Gautam Buddha Nagar,Uttar Pradesh/Gautam Buddha Nagar
Uttar Pradesh/Ghaziabad,Uttar Pradesh/Ghaziabad
Uttar Pradesh/Ghazipur,Uttar Pradesh/Ghazipur
Uttar Pradesh/Gonda,Uttar Pradesh/Gonda
Uttar Pradesh/Gorakhpur,Uttar Pradesh/Gorakhpur
Uttar Pradesh/Hamirpur,Uttar Pradesh/Hamirpur
Uttar Pradesh/Hardoi,Uttar Pradesh/Hardoi
Uttar Pradesh/Jalaun ,Uttar Pradesh/Jalaun
Uttar Pradesh/Jaunpur,Uttar Pradesh/Jaunpur
Uttar Pradesh/Jhansi,Uttar Pradesh/Jhansi
Uttar Pradesh/Jyotiba Phule Nagar,Uttar Pradesh/Amroha
Uttar Pradesh/Kannauj,Uttar Pradesh/Kannauj
Uttar Pradesh/Kanpur Dehat,Uttar Pradesh/Kanpur Dehat
Uttar Pradesh/Kanpur Nagar,Uttar Pradesh/Kanpur Nagar
Uttar Pradesh/Kanshiram Nagar,Uttar Pradesh/Kasganj
Uttar Pradesh/Kaushambi,Uttar Pradesh/Kaushambi
Uttar Pradesh/Kheri,Uttar Pradesh/Lakhimpur Kheri
Uttar Pradesh/Kushinagar,Uttar Pradesh/Kushinagar
Uttar Pradesh/Lalitpur,Uttar Pradesh/Lalitpur
Uttar Pradesh/Lucknow,Uttar Pradesh/Lucknow
Uttar Pradesh/Mahamaya Nagar,Uttar Pradesh/Hathras
Uttar Pradesh/Mahoba,Uttar Pradesh/Mahoba
Uttar Pradesh/Mahrajganj,Uttar Pradesh/Maharajganj
Uttar Pradesh/Mainpuri,Uttar Pradesh/Mainpuri
Uttar Pradesh/Mathura,Uttar Pradesh/Mathura
Uttar Pradesh/Mau,Uttar Pradesh/Mau
Uttar Pradesh/Meerut,Uttar Pradesh/Meerut
Uttar Pradesh/Mirzapur,Uttar Pradesh/Mirzapur
Uttar Pradesh/Moradabad,Uttar Pradesh/Moradabad
Uttar Pradesh/Muzaffarnagar,Uttar Pradesh/Muzaffarnagar
Uttar Pradesh/Pilibhit,Uttar Pradesh/Pilibhit
Uttar Pradesh/Pratapgarh,Uttar Pradesh/Pratapgarh
Uttar Pradesh/Rae Bareli,Uttar Pradesh/Rae Bareli
Uttar Pradesh/Rampur,Uttar Pradesh/Rampur
Uttar Pradesh/Saharanpur,Uttar Pradesh/Saharanpur
Uttar Pradesh/Sant Kabir Nagar,Uttar Pradesh/Sant Kabir Nagar
Uttar Pradesh/Sant Ravidas Nagar (Bhadohi),Uttar Pradesh/Bhadohi
Uttar Pradesh/Shahjahanpur,Uttar Pradesh/Shahjahanpur
Uttar Pradesh/Shrawasti,Uttar Pradesh/Shrawasti
Uttar Pradesh/Siddharthnagar,Uttar Pradesh/Siddharthnagar
Uttar Pradesh/Sitapur,Uttar Pradesh/Sitapur
Uttar Pradesh/Sonbhadra,Uttar Pradesh/Sonbhadra
Uttar Pradesh/Sultanpur,Uttar Pradesh/Sultanpur
Uttar Pradesh/Unnao,Uttar Pradesh/Unnao
Uttar Pradesh/Varanasi,Uttar Pradesh/Varanasi
Uttarakhand/Almora,Uttarakhand/Almora
Uttarakhand/Bageshwar,Uttarakhand/Bageshwar
Uttarakhand/Chamoli,Uttarakhand/Chamoli
Uttarakhand/Champawat,Uttarakhand/Champawat
Uttarakhand/Dehradun,Uttarakhand/Dehradun
Uttarakhand/Garhwal,Uttarakhand/Pauri Garhwal
Uttarakhand/Hardwar,Uttarakhand/Haridwar
Uttarakhand/Nainital,Uttarakhand/Nainital
Uttarakhand/Pithoragarh,Uttarakhand/Pithoragarh
Uttarakhand/Rudraprayag,Uttarakhand/Rudraprayag
Uttarakhand/Tehri Garhwal,Uttarakhand/Tehri Garhwal
Uttarakhand/Udham Singh Nagar,Uttarakhand/Udham Singh Nagar
Uttarakhand/Uttarkashi,Uttarakhand/Uttarkashi
West Bengal/Bankura ,West Bengal/Bankura
West Bengal/Birbhum,West Bengal/Birbhum
West Bengal/Dakshin Dinajpur,West Bengal/Dakshin Dinajpur
West Bengal/Darjiling ,West Bengal/Darjeeling
West Bengal/Haora ,West Bengal/Howrah
West Bengal/Hugli ,West Bengal/Hooghly
West Bengal/Jalpaiguri ,West Bengal/Jalpaiguri
West Bengal/Koch Bihar ,West Bengal/Cooch Behar
West Bengal/Kolkata,West Bengal/Kolkata
West Bengal/Maldah ,West Bengal/Malda
West Bengal/Murshidabad ,West Bengal/Murshidabad
West Bengal/Nadia ,West Bengal/Nadia
West Bengal/North Twenty Four Parganas,West Bengal/North 24 Parganas
West Bengal/Paschim Medinipur,West Bengal/Paschim Medinipur
West Bengal/Purba Medinipur,West Bengal/Purba Medinipur
West Bengal/Puruliya,West Bengal/Purulia
West Bengal/South Twenty Four Parganas,West Bengal/South 24 Parganas
West Bengal/Uttar Dinajpur,West Bengal/Uttar Dinajpur
